fname,genre
00994050.wav,0
00994051.wav,0
00994077.wav,0
00994084.wav,0
00993076.wav,0
00993077.wav,0
00993081.wav,0
01036688.wav,0
01033956.wav,0
01033957.wav,0
01033959.wav,0
01033960.wav,0
01033962.wav,0
01033963.wav,0
01033965.wav,0
00930461.wav,0
00962999.wav,0
00963000.wav,0
00963002.wav,0
00963003.wav,0
00963005.wav,0
00963006.wav,0
00963008.wav,0
00922022.wav,0
00922024.wav,0
00922025.wav,0
00922027.wav,0
00922028.wav,0
00922030.wav,0
00922031.wav,0
00922033.wav,0
00922034.wav,0
00918557.wav,0
00979802.wav,0
01021685.wav,0
01021686.wav,0
01021688.wav,0
01021689.wav,0
01021691.wav,0
01021692.wav,0
01021694.wav,0
01021695.wav,0
01029366.wav,0
01029368.wav,0
01029370.wav,0
01029371.wav,0
01029373.wav,0
01029374.wav,0
01029376.wav,0
01029377.wav,0
01013851.wav,0
01013852.wav,0
01013855.wav,0
01013856.wav,0
01013858.wav,0
01013859.wav,0
01021697.wav,0
01021698.wav,0
01021700.wav,0
01021701.wav,0
01021703.wav,0
01021704.wav,0
00925486.wav,0
01042652.wav,0
01042654.wav,0
01042657.wav,0
01042659.wav,0
01042660.wav,0
01042662.wav,0
01042663.wav,0
01036377.wav,0
01036378.wav,0
01036380.wav,0
01036381.wav,0
01036383.wav,0
01036384.wav,0
01036386.wav,0
01036387.wav,0
00924109.wav,0
00924110.wav,0
00969734.wav,0
00912066.wav,0
00912068.wav,0
00912069.wav,0
00912071.wav,0
00912073.wav,0
00912075.wav,0
00912076.wav,0
01033583.wav,0
01033584.wav,0
01033589.wav,0
00921942.wav,0
01015094.wav,0
00968780.wav,0
00968782.wav,0
01050607.wav,0
00955304.wav,0
01018624.wav,0
01019309.wav,0
01025568.wav,0
01037286.wav,0
01038581.wav,0
00952763.wav,0
00952764.wav,0
01006726.wav,0
01006727.wav,0
01006729.wav,0
01006730.wav,0
00917957.wav,0
00917958.wav,0
00917960.wav,0
00917961.wav,0
00917963.wav,0
00917964.wav,0
00917966.wav,0
01031114.wav,0
01031123.wav,0
01031124.wav,0
01044500.wav,0
01044501.wav,0
01044503.wav,0
00911050.wav,0
00911052.wav,0
00911054.wav,0
00949333.wav,0
00993551.wav,0
01047865.wav,0
01055825.wav,0
00991078.wav,0
00991079.wav,0
01050503.wav,0
01050504.wav,0
01050506.wav,0
01050507.wav,0
01050509.wav,0
01050510.wav,0
00964947.wav,0
00964950.wav,0
00964952.wav,0
01032281.wav,0
01032290.wav,0
01032291.wav,0
01032293.wav,0
01045004.wav,0
01045006.wav,0
01045008.wav,0
01045010.wav,0
01045011.wav,0
01045013.wav,0
01045014.wav,0
00957734.wav,0
00957735.wav,0
00957737.wav,0
00957738.wav,0
00983072.wav,0
00983073.wav,0
00983075.wav,0
00983076.wav,0
00965510.wav,0
00952344.wav,0
00926473.wav,0
00926476.wav,0
00942816.wav,0
00942823.wav,0
00942826.wav,0
00942828.wav,0
00942832.wav,0
01044706.wav,0
01044708.wav,0
01044712.wav,0
01044714.wav,0
01044715.wav,0
01050386.wav,0
01050387.wav,0
00977691.wav,0
00977692.wav,0
01045600.wav,0
01045606.wav,0
01045608.wav,0
01045609.wav,0
00943815.wav,0
00973823.wav,0
00973825.wav,0
00973826.wav,0
00973828.wav,0
00911009.wav,0
00911011.wav,0
00911013.wav,0
00949250.wav,0
00949251.wav,0
00963934.wav,0
00963935.wav,0
00963938.wav,0
00963939.wav,0
01015320.wav,0
01015325.wav,0
01043995.wav,0
01043996.wav,0
01043998.wav,0
00969103.wav,0
00969110.wav,0
01003688.wav,0
01003690.wav,0
01003691.wav,0
01037251.wav,0
01037257.wav,0
01037259.wav,0
01037261.wav,0
00967165.wav,0
01020453.wav,0
01020455.wav,0
00965180.wav,0
00980808.wav,0
00980809.wav,0
00980811.wav,0
00916839.wav,0
00916844.wav,0
00916846.wav,0
00916849.wav,0
01033063.wav,0
01033066.wav,0
01033067.wav,0
01020592.wav,0
01020593.wav,0
01037978.wav,0
01037980.wav,0
01037982.wav,0
00955205.wav,0
00919222.wav,0
01001708.wav,0
00979227.wav,0
01025172.wav,0
01025174.wav,0
01025175.wav,0
00920885.wav,0
00961910.wav,0
00961913.wav,0
00961914.wav,0
01035793.wav,0
00939364.wav,0
01045496.wav,0
01045499.wav,0
00933927.wav,0
00933928.wav,0
00933930.wav,0
00933931.wav,0
01001239.wav,0
01001245.wav,0
00974950.wav,0
01040561.wav,0
01040563.wav,0
01040564.wav,0
00945846.wav,0
00940748.wav,0
00940750.wav,0
00940754.wav,0
01023050.wav,0
01023051.wav,0
01023054.wav,0
01023055.wav,0
01019604.wav,0
01019605.wav,0
01019607.wav,0
01001382.wav,0
01001390.wav,0
01001391.wav,0
01029974.wav,0
01029975.wav,0
01031680.wav,0
01031681.wav,0
01031683.wav,0
01002597.wav,0
01002599.wav,0
01003697.wav,0
01016492.wav,0
01014677.wav,0
01014679.wav,0
01014680.wav,0
01019816.wav,0
01019817.wav,0
01018595.wav,0
01018600.wav,0
01054698.wav,0
01054701.wav,0
01044882.wav,0
00930326.wav,0
00920955.wav,0
01002537.wav,0
01002539.wav,0
01002540.wav,0
01052897.wav,0
01052898.wav,0
01014161.wav,0
01014165.wav,0
01029684.wav,0
01029686.wav,0
01029688.wav,0
01029689.wav,0
00939290.wav,0
00979576.wav,0
00979578.wav,0
00979579.wav,0
01052546.wav,0
01052547.wav,0
01052549.wav,0
00965829.wav,0
00965831.wav,0
00965832.wav,0
00977015.wav,0
00977016.wav,0
01016257.wav,0
01016258.wav,0
00978906.wav,0
00978909.wav,0
00957101.wav,0
00957106.wav,0
00980481.wav,0
00980482.wav,0
01026860.wav,0
01026863.wav,0
00994441.wav,0
00994442.wav,0
00994444.wav,0
01025673.wav,0
01038455.wav,0
01044913.wav,0
01044919.wav,0
01044920.wav,0
00981958.wav,0
00981960.wav,0
00912125.wav,0
00912127.wav,0
00966662.wav,0
00966663.wav,0
01031156.wav,0
01031157.wav,0
01056706.wav,0
01017923.wav,0
01017926.wav,0
01045342.wav,0
01016246.wav,0
01016250.wav,0
00935359.wav,0
00935361.wav,0
01016644.wav,0
01016645.wav,0
00978660.wav,0
00978661.wav,0
01053767.wav,0
01053770.wav,0
01053772.wav,0
00970759.wav,0
00970761.wav,0
01014237.wav,0
01014241.wav,0
01014242.wav,0
01014244.wav,0
01014245.wav,0
00970332.wav,0
00970333.wav,0
00915161.wav,0
01053069.wav,0
01017455.wav,0
01017456.wav,0
00972207.wav,0
00972208.wav,0
01038946.wav,0
01038947.wav,0
00945016.wav,0
00945019.wav,0
01041122.wav,0
00935549.wav,0
00935563.wav,0
01033887.wav,0
01015586.wav,0
01015587.wav,0
01012431.wav,0
01012433.wav,0
00952206.wav,0
00952207.wav,0
01050237.wav,0
01050238.wav,0
01035998.wav,0
01035999.wav,0
00986864.wav,0
00977236.wav,0
01015791.wav,0
01015792.wav,0
01015794.wav,0
01039267.wav,0
00937096.wav,0
00937102.wav,0
00976109.wav,0
00976110.wav,0
01018271.wav,0
01018272.wav,0
01031110.wav,0
01004224.wav,0
01005540.wav,0
01049691.wav,0
01041674.wav,1
01041677.wav,1
00944425.wav,1
00969725.wav,1
00918095.wav,1
00918096.wav,1
00918098.wav,1
00918099.wav,1
00970038.wav,1
00970039.wav,1
00970042.wav,1
00946244.wav,1
00969739.wav,1
00969741.wav,1
00928520.wav,1
00928521.wav,1
00983418.wav,1
00983419.wav,1
01033391.wav,1
01033392.wav,1
01033394.wav,1
00919477.wav,1
00961321.wav,1
00961322.wav,1
00961326.wav,1
00961328.wav,1
00968968.wav,1
00969738.wav,1
00969737.wav,1
00970031.wav,1
00926730.wav,1
00926731.wav,1
00952095.wav,1
00952098.wav,1
00935086.wav,1
00935091.wav,1
01020305.wav,1
01020306.wav,1
01020308.wav,1
01020309.wav,1
01020311.wav,1
01020312.wav,1
01020314.wav,1
01020315.wav,1
01020317.wav,1
00907299.wav,1
01018657.wav,1
01018660.wav,1
01018664.wav,1
01018665.wav,1
01018667.wav,1
01018668.wav,1
01018674.wav,1
01018675.wav,1
01018677.wav,1
01018678.wav,1
01018680.wav,1
01018681.wav,1
01018683.wav,1
01018684.wav,1
01018686.wav,1
01018687.wav,1
01018689.wav,1
01018690.wav,1
00979765.wav,1
00950040.wav,1
00946948.wav,1
00946949.wav,1
00946951.wav,1
00946952.wav,1
00946954.wav,1
00946955.wav,1
00981081.wav,1
01015745.wav,1
01015748.wav,1
01015749.wav,1
00949337.wav,1
01042625.wav,1
01042627.wav,1
01042628.wav,1
01042630.wav,1
01042631.wav,1
01034584.wav,1
01034585.wav,1
01034587.wav,1
01034588.wav,1
01034590.wav,1
01034591.wav,1
00943660.wav,1
00964367.wav,1
01027394.wav,1
01027398.wav,1
01027401.wav,1
01039411.wav,1
01001712.wav,1
01052996.wav,1
01052998.wav,1
01052999.wav,1
01052222.wav,1
01052223.wav,1
01052225.wav,1
01052226.wav,1
01052228.wav,1
01052229.wav,1
01052231.wav,1
01052232.wav,1
01052234.wav,1
01052235.wav,1
01015715.wav,1
01015716.wav,1
01015718.wav,1
00992106.wav,1
00973044.wav,1
00973045.wav,1
01027472.wav,1
01027473.wav,1
01027478.wav,1
01027483.wav,1
01027488.wav,1
01027489.wav,1
01027492.wav,1
01027495.wav,1
01027497.wav,1
00929386.wav,1
00918488.wav,1
00918489.wav,1
00929637.wav,1
00964184.wav,1
01045352.wav,1
01045353.wav,1
01045355.wav,1
01045356.wav,1
01045358.wav,1
01045359.wav,1
01017260.wav,1
01017261.wav,1
01017263.wav,1
01017264.wav,1
01017266.wav,1
01017267.wav,1
01035766.wav,1
01035771.wav,1
00984853.wav,1
00984861.wav,1
00961954.wav,1
00961955.wav,1
00980754.wav,1
00980755.wav,1
00980757.wav,1
00980758.wav,1
00932413.wav,1
00930328.wav,1
01029024.wav,1
01029025.wav,1
01029027.wav,1
01029028.wav,1
01029762.wav,1
01029763.wav,1
01029787.wav,1
01029788.wav,1
01029792.wav,1
01029793.wav,1
01029823.wav,1
01029867.wav,1
01030798.wav,1
00992881.wav,1
00992883.wav,1
00992884.wav,1
00992887.wav,1
00992888.wav,1
01035197.wav,1
01035198.wav,1
01035200.wav,1
01035201.wav,1
01035203.wav,1
01035204.wav,1
00994475.wav,1
00994476.wav,1
00994478.wav,1
00994479.wav,1
00994481.wav,1
00994482.wav,1
00982234.wav,1
00939614.wav,1
00939616.wav,1
00939617.wav,1
00939619.wav,1
00939620.wav,1
00939622.wav,1
00939623.wav,1
00939625.wav,1
00939626.wav,1
00939628.wav,1
00939629.wav,1
00998447.wav,1
00998448.wav,1
00998450.wav,1
00998451.wav,1
00998453.wav,1
00962574.wav,1
00962576.wav,1
00962577.wav,1
00962579.wav,1
00962580.wav,1
00962582.wav,1
00962583.wav,1
01049190.wav,1
01049191.wav,1
01050526.wav,1
01051876.wav,1
01061244.wav,1
01061245.wav,1
00957561.wav,1
00920480.wav,1
01048468.wav,1
01048469.wav,1
01048471.wav,1
01040067.wav,1
01040070.wav,1
01040073.wav,1
01040076.wav,1
01040077.wav,1
01040079.wav,1
01040080.wav,1
01040082.wav,1
01040083.wav,1
00948857.wav,1
01052991.wav,1
01052993.wav,1
01052994.wav,1
01031763.wav,1
01031766.wav,1
01031769.wav,1
01031770.wav,1
01031772.wav,1
01031773.wav,1
01038725.wav,1
01038728.wav,1
01038735.wav,1
01038737.wav,1
01038740.wav,1
01038741.wav,1
01038743.wav,1
00928689.wav,1
00928691.wav,1
00928692.wav,1
00928698.wav,1
00997859.wav,1
00997871.wav,1
00997872.wav,1
00997878.wav,1
00997879.wav,1
00997881.wav,1
00974646.wav,1
00974648.wav,1
00974649.wav,1
00974651.wav,1
00974652.wav,1
00974654.wav,1
00974655.wav,1
00974657.wav,1
00940048.wav,1
00958549.wav,1
00958550.wav,1
00958552.wav,1
00958554.wav,1
00958557.wav,1
00958558.wav,1
00958561.wav,1
00958562.wav,1
00958564.wav,1
00958565.wav,1
01034470.wav,1
01034471.wav,1
01034473.wav,1
01034474.wav,1
01034476.wav,1
01034477.wav,1
00981210.wav,1
00934453.wav,1
01039056.wav,1
01039059.wav,1
01039061.wav,1
01039062.wav,1
00956762.wav,1
00956766.wav,1
01021098.wav,1
01021099.wav,1
00959324.wav,1
00959325.wav,1
00959328.wav,1
00959329.wav,1
00959331.wav,1
00959333.wav,1
00974619.wav,1
00974620.wav,1
00974622.wav,1
00974623.wav,1
01056388.wav,1
01056389.wav,1
01056391.wav,1
01056392.wav,1
01001919.wav,1
01001920.wav,1
01001923.wav,1
01001924.wav,1
00919676.wav,1
00919679.wav,1
01033011.wav,1
01033012.wav,1
01030088.wav,1
01030089.wav,1
01030093.wav,1
01030094.wav,1
01030096.wav,1
01030097.wav,1
01030099.wav,1
00992708.wav,1
00992710.wav,1
00992711.wav,1
00992713.wav,1
00992714.wav,1
00992716.wav,1
00992717.wav,1
01034567.wav,1
01034568.wav,1
01034570.wav,1
01034574.wav,1
01034576.wav,1
01034577.wav,1
01034579.wav,1
00994611.wav,1
00994613.wav,1
00994614.wav,1
01037657.wav,1
01037658.wav,1
01037660.wav,1
01037661.wav,1
00923447.wav,1
00923452.wav,1
01033689.wav,1
01033690.wav,1
01033692.wav,1
01033693.wav,1
01033695.wav,1
01033696.wav,1
01049839.wav,1
01049840.wav,1
01049842.wav,1
00920651.wav,1
00919826.wav,1
00919840.wav,1
01055895.wav,1
01055896.wav,1
01055898.wav,1
01055899.wav,1
01055901.wav,1
01055902.wav,1
00929285.wav,1
00929286.wav,1
00929288.wav,1
00929289.wav,1
00993405.wav,1
00993406.wav,1
00993408.wav,1
01045327.wav,1
01045329.wav,1
01045330.wav,1
00926702.wav,1
00926704.wav,1
00926706.wav,1
00926707.wav,1
00926711.wav,1
00926712.wav,1
00919819.wav,1
00919821.wav,1
00954022.wav,1
00954025.wav,1
01021221.wav,1
01021222.wav,1
01021224.wav,1
01001231.wav,1
01001233.wav,1
00964724.wav,1
00964728.wav,1
00919665.wav,1
00998115.wav,1
00998117.wav,1
01033714.wav,1
01033715.wav,1
01033717.wav,1
01033718.wav,1
01033720.wav,1
01036337.wav,1
01036340.wav,1
01036341.wav,1
01036343.wav,1
01036344.wav,1
01028878.wav,1
01028879.wav,1
00988801.wav,3
00988812.wav,3
00989071.wav,3
00989081.wav,3
01027585.wav,3
01027586.wav,3
01027588.wav,3
01027589.wav,3
01027592.wav,3
01027593.wav,3
01027595.wav,3
01027596.wav,3
01027598.wav,3
01027599.wav,3
01027602.wav,3
01027603.wav,3
01027605.wav,3
01027606.wav,3
01027608.wav,3
01027609.wav,3
01027611.wav,3
01027612.wav,3
01027614.wav,3
01027615.wav,3
01027617.wav,3
01027618.wav,3
01027620.wav,3
01027621.wav,3
00944400.wav,3
00944402.wav,3
00944430.wav,3
00945200.wav,3
00988843.wav,3
00988844.wav,3
01040824.wav,3
01040826.wav,3
01040833.wav,3
01040834.wav,3
01040840.wav,3
01040842.wav,3
01040850.wav,3
01040851.wav,3
01040853.wav,3
01040856.wav,3
01040861.wav,3
01040862.wav,3
01040865.wav,3
01040868.wav,3
00958244.wav,3
00958245.wav,3
00988939.wav,3
00988949.wav,3
01029934.wav,3
01029935.wav,3
01029937.wav,3
01029938.wav,3
01029940.wav,3
01029943.wav,3
00989277.wav,3
00989288.wav,3
01003013.wav,3
01003014.wav,3
01003016.wav,3
01015306.wav,3
01015308.wav,3
01015309.wav,3
01015311.wav,3
01015312.wav,3
01015314.wav,3
01015315.wav,3
01039200.wav,3
01039201.wav,3
01039203.wav,3
01039206.wav,3
01039208.wav,3
01039211.wav,3
01039213.wav,3
01039214.wav,3
00980784.wav,3
00990203.wav,3
00990205.wav,3
00990206.wav,3
00990208.wav,3
00990209.wav,3
00990217.wav,3
00990218.wav,3
00990220.wav,3
00990221.wav,3
00988865.wav,3
01046292.wav,3
00989092.wav,3
01035285.wav,3
00921858.wav,3
00921859.wav,3
00921861.wav,3
00921865.wav,3
00921867.wav,3
00921868.wav,3
00921870.wav,3
00921872.wav,3
00921874.wav,3
00921875.wav,3
00921878.wav,3
00921879.wav,3
01055402.wav,3
01055403.wav,3
01055410.wav,3
01055413.wav,3
01055420.wav,3
01055421.wav,3
00993770.wav,3
00993771.wav,3
00993773.wav,3
00993774.wav,3
00993776.wav,3
01041869.wav,3
00949260.wav,3
00949272.wav,3
01026240.wav,3
01026241.wav,3
01026243.wav,3
01026244.wav,3
00988774.wav,3
01029910.wav,3
01029912.wav,3
00937485.wav,3
01039599.wav,3
01040389.wav,3
00988901.wav,3
00988902.wav,3
01049383.wav,3
01049385.wav,3
01049387.wav,3
01049722.wav,3
01050528.wav,3
01051230.wav,3
01051889.wav,3
01052090.wav,3
00994386.wav,3
00994387.wav,3
00994389.wav,3
00994390.wav,3
00994392.wav,3
00994393.wav,3
00994395.wav,3
00994396.wav,3
01034171.wav,3
01034172.wav,3
01034174.wav,3
01034175.wav,3
01056428.wav,3
01056429.wav,3
01056431.wav,3
01056432.wav,3
01048433.wav,3
01049165.wav,3
00992057.wav,3
00990889.wav,3
00990902.wav,3
00997815.wav,3
00997818.wav,3
00997819.wav,3
00997906.wav,3
00997907.wav,3
00961439.wav,3
00961440.wav,3
00961442.wav,3
00961443.wav,3
00961445.wav,3
00961447.wav,3
01040730.wav,3
01040731.wav,3
01040733.wav,3
01040734.wav,3
01040736.wav,3
01040737.wav,3
01040739.wav,3
01040740.wav,3
01040742.wav,3
01040743.wav,3
01040745.wav,3
01040746.wav,3
01015760.wav,3
01015761.wav,3
01015763.wav,3
01015764.wav,3
01015766.wav,3
01015767.wav,3
01048572.wav,3
01048573.wav,3
01048575.wav,3
01048576.wav,3
01048578.wav,3
01048579.wav,3
01048581.wav,3
01048582.wav,3
01048585.wav,3
01048586.wav,3
01048589.wav,3
01048592.wav,3
01041257.wav,3
01041258.wav,3
01041260.wav,3
01041261.wav,3
01041263.wav,3
01041264.wav,3
01041266.wav,3
01041267.wav,3
01018510.wav,3
01018511.wav,3
01018513.wav,3
01018514.wav,3
01018516.wav,3
01018517.wav,3
01018519.wav,3
01001204.wav,3
01001207.wav,3
01001208.wav,3
01001210.wav,3
01024898.wav,3
01024900.wav,3
01024901.wav,3
01024903.wav,3
01016167.wav,3
01016169.wav,3
01016170.wav,3
01016172.wav,3
01016173.wav,3
01041732.wav,3
01041733.wav,3
01041738.wav,3
01041741.wav,3
01041743.wav,3
01041744.wav,3
01018436.wav,3
01018437.wav,3
01018439.wav,3
01018440.wav,3
01018443.wav,3
00959735.wav,3
00959737.wav,3
00959738.wav,3
00959741.wav,3
00989103.wav,3
01023057.wav,3
01023058.wav,3
01023061.wav,3
01023062.wav,3
01023064.wav,3
01020264.wav,3
01020266.wav,3
01020267.wav,3
00987804.wav,3
00987805.wav,3
00987807.wav,3
00987808.wav,3
01044455.wav,3
01044456.wav,3
01044458.wav,3
01044459.wav,3
01044461.wav,3
01044462.wav,3
01044464.wav,3
01044465.wav,3
01031465.wav,3
01031466.wav,3
01031468.wav,3
01031469.wav,3
01031472.wav,3
01028058.wav,3
01028060.wav,3
01028061.wav,3
01028063.wav,3
01028064.wav,3
01028066.wav,3
01028067.wav,3
01042080.wav,3
01042081.wav,3
01042083.wav,3
01042084.wav,3
01042086.wav,3
01010807.wav,3
01010809.wav,3
01010810.wav,3
01010812.wav,3
01000236.wav,3
01000238.wav,3
01000239.wav,3
01000241.wav,3
01000242.wav,3
01000244.wav,3
00959065.wav,3
01033874.wav,3
01033875.wav,3
01033877.wav,3
01033878.wav,3
01028941.wav,3
01028942.wav,3
01028944.wav,3
01028945.wav,3
01028947.wav,3
01028948.wav,3
01028950.wav,3
01028951.wav,3
01028953.wav,3
01028954.wav,3
01033469.wav,3
01033470.wav,3
01033472.wav,3
01033474.wav,3
01033476.wav,3
01033477.wav,3
01040720.wav,3
01040721.wav,3
01040723.wav,3
01040724.wav,3
01040726.wav,3
01040727.wav,3
01040729.wav,3
01028761.wav,3
01028763.wav,3
01028764.wav,3
01050585.wav,3
01050588.wav,3
01050592.wav,3
01050593.wav,3
01050595.wav,3
01050596.wav,3
01050598.wav,3
01032161.wav,3
01032163.wav,3
01032164.wav,3
01032166.wav,3
01004568.wav,3
01004574.wav,3
01039850.wav,3
01039856.wav,3
01039857.wav,3
00982719.wav,3
00982720.wav,3
00982722.wav,3
00982723.wav,3
00982725.wav,3
00982726.wav,3
00982728.wav,3
00982729.wav,3
00982731.wav,3
00982732.wav,3
01036474.wav,3
01036475.wav,3
01036477.wav,3
01036478.wav,3
01047060.wav,3
01047061.wav,3
01047063.wav,3
01047064.wav,3
01047066.wav,3
01034005.wav,3
01034007.wav,3
01034008.wav,3
01029960.wav,3
01029962.wav,3
00927650.wav,3
00927651.wav,3
00927654.wav,3
00927655.wav,3
00927661.wav,3
00927662.wav,3
00927664.wav,3
00927665.wav,3
01034496.wav,3
01034497.wav,3
01034499.wav,3
01034500.wav,3
01021660.wav,3
01021661.wav,3
01021663.wav,3
01021664.wav,3
01045308.wav,3
01045309.wav,3
01045311.wav,3
01045312.wav,3
01045314.wav,3
01045315.wav,3
00982901.wav,3
01030773.wav,3
01030775.wav,3
01030776.wav,3
01054415.wav,3
01054598.wav,3
01052478.wav,3
01039076.wav,3
01039080.wav,3
01039081.wav,3
01039084.wav,3
01039085.wav,3
01022577.wav,3
01022578.wav,3
01022581.wav,3
01022582.wav,3
00931709.wav,5
00931710.wav,5
00931712.wav,5
00931713.wav,5
00931715.wav,5
00931716.wav,5
00931718.wav,5
00931719.wav,5
00931721.wav,5
00971914.wav,5
00971916.wav,5
00971917.wav,5
00971919.wav,5
00971920.wav,5
00919053.wav,5
00919054.wav,5
00919056.wav,5
00919057.wav,5
00919059.wav,5
00919060.wav,5
00919062.wav,5
00919063.wav,5
00919065.wav,5
00919066.wav,5
00919068.wav,5
00919069.wav,5
00919071.wav,5
00919072.wav,5
00919074.wav,5
00919075.wav,5
00919077.wav,5
00919078.wav,5
00919080.wav,5
00919081.wav,5
00919083.wav,5
00919084.wav,5
00918588.wav,5
00965108.wav,5
00965110.wav,5
00965111.wav,5
00917982.wav,5
00917983.wav,5
00917985.wav,5
00917986.wav,5
00917988.wav,5
00928517.wav,5
01004330.wav,5
01004332.wav,5
01031254.wav,5
01031255.wav,5
01031258.wav,5
01031259.wav,5
01031261.wav,5
01031262.wav,5
01031264.wav,5
01031265.wav,5
01031267.wav,5
01031268.wav,5
01017548.wav,5
01017549.wav,5
01017551.wav,5
01017552.wav,5
01017554.wav,5
01017555.wav,5
01049024.wav,5
00996467.wav,5
00996481.wav,5
00996484.wav,5
00929584.wav,5
00933296.wav,5
00933299.wav,5
00933300.wav,5
00933302.wav,5
00933303.wav,5
00933306.wav,5
00933309.wav,5
00933311.wav,5
00933314.wav,5
00944272.wav,5
00944273.wav,5
00944275.wav,5
00944276.wav,5
00944279.wav,5
00944281.wav,5
00944286.wav,5
01015776.wav,5
01015778.wav,5
01015779.wav,5
01015781.wav,5
01015782.wav,5
01015784.wav,5
01015785.wav,5
01015787.wav,5
01015788.wav,5
01015790.wav,5
01019223.wav,5
01019225.wav,5
01019226.wav,5
00996734.wav,5
00996736.wav,5
00996762.wav,5
00968957.wav,5
00972278.wav,5
00972279.wav,5
00972281.wav,5
00972282.wav,5
00972284.wav,5
00926727.wav,5
01015098.wav,5
00935088.wav,5
01028602.wav,5
01028603.wav,5
01028605.wav,5
01028606.wav,5
01028608.wav,5
01028609.wav,5
01028611.wav,5
01028612.wav,5
00983215.wav,5
00983216.wav,5
00983218.wav,5
00983219.wav,5
00983221.wav,5
00983222.wav,5
00983225.wav,5
00983226.wav,5
00962402.wav,5
00962408.wav,5
00962410.wav,5
00962411.wav,5
00962413.wav,5
01018032.wav,5
01018045.wav,5
01018053.wav,5
01018057.wav,5
01018060.wav,5
01018063.wav,5
01018064.wav,5
01018066.wav,5
01018067.wav,5
01005836.wav,5
01005837.wav,5
01005839.wav,5
01005840.wav,5
01005842.wav,5
01005843.wav,5
01005845.wav,5
01005846.wav,5
00913729.wav,5
00913731.wav,5
00913737.wav,5
00979757.wav,5
00980071.wav,5
00980072.wav,5
00980074.wav,5
00980075.wav,5
00980077.wav,5
00980078.wav,5
01049955.wav,5
01049957.wav,5
01049959.wav,5
01049960.wav,5
00978529.wav,5
00978530.wav,5
00978532.wav,5
00978533.wav,5
00978535.wav,5
00978536.wav,5
00978538.wav,5
00978539.wav,5
00978541.wav,5
00978542.wav,5
00978544.wav,5
01037095.wav,5
01037097.wav,5
00961654.wav,5
01056976.wav,5
01056978.wav,5
01005862.wav,5
01005863.wav,5
01005865.wav,5
01005866.wav,5
01005868.wav,5
01005869.wav,5
01005871.wav,5
01005872.wav,5
01005874.wav,5
00949329.wav,5
00949335.wav,5
00951145.wav,5
00951147.wav,5
00951148.wav,5
00951150.wav,5
00951152.wav,5
00951155.wav,5
00951156.wav,5
00951158.wav,5
00978461.wav,5
00978463.wav,5
00978464.wav,5
01004981.wav,5
01004986.wav,5
00965496.wav,5
00965501.wav,5
00965504.wav,5
01020323.wav,5
01020325.wav,5
01020326.wav,5
01049372.wav,5
01049373.wav,5
01049375.wav,5
01049376.wav,5
01049378.wav,5
01049380.wav,5
01049382.wav,5
01053976.wav,5
01054002.wav,5
01054005.wav,5
01054014.wav,5
01054015.wav,5
01021325.wav,5
01021326.wav,5
01021330.wav,5
01021331.wav,5
01021334.wav,5
01021336.wav,5
01021338.wav,5
01021339.wav,5
00982672.wav,5
00982675.wav,5
00982679.wav,5
00982680.wav,5
00982684.wav,5
00982685.wav,5
00982688.wav,5
00982690.wav,5
01037193.wav,5
01037199.wav,5
01037204.wav,5
01037207.wav,5
01037209.wav,5
01027227.wav,5
01027229.wav,5
01027230.wav,5
01039406.wav,5
01039407.wav,5
00983035.wav,5
00983036.wav,5
00983038.wav,5
00983039.wav,5
00983041.wav,5
00983043.wav,5
01001715.wav,5
00969173.wav,5
00971036.wav,5
00920880.wav,5
01003197.wav,5
01003199.wav,5
01003201.wav,5
01003203.wav,5
00924780.wav,5
00924785.wav,5
00924789.wav,5
00973034.wav,5
01045501.wav,5
01045502.wav,5
01045505.wav,5
01045506.wav,5
00967761.wav,5
00967763.wav,5
00967766.wav,5
00967767.wav,5
00986134.wav,5
00986136.wav,5
00986138.wav,5
00986139.wav,5
00986141.wav,5
01027274.wav,5
01027280.wav,5
01027281.wav,5
01027283.wav,5
01061592.wav,5
01061595.wav,5
01061596.wav,5
01061598.wav,5
01016088.wav,5
01016098.wav,5
01016101.wav,5
00929380.wav,5
00929383.wav,5
00980840.wav,5
01042112.wav,5
01042114.wav,5
01042115.wav,5
00918493.wav,5
00919815.wav,5
01040250.wav,5
01040251.wav,5
01040253.wav,5
01040254.wav,5
00982701.wav,5
00982704.wav,5
00982707.wav,5
00982708.wav,5
00982714.wav,5
00982716.wav,5
00920959.wav,5
01014309.wav,5
01014314.wav,5
01014316.wav,5
01014318.wav,5
01014319.wav,5
00927018.wav,5
00936891.wav,5
01048453.wav,5
01048455.wav,5
01048457.wav,5
01008238.wav,5
01008248.wav,5
01005913.wav,5
01005915.wav,5
01005916.wav,5
00971044.wav,5
00971046.wav,5
00971078.wav,5
00982660.wav,5
00982662.wav,5
00982663.wav,5
00982665.wav,5
00982666.wav,5
00982668.wav,5
00982669.wav,5
00937330.wav,5
00937332.wav,5
01056413.wav,5
01056427.wav,5
01057242.wav,5
01016125.wav,5
01016127.wav,5
01016128.wav,5
01016130.wav,5
00997130.wav,5
00997135.wav,5
00997136.wav,5
00997146.wav,5
00997148.wav,5
01030727.wav,5
01030728.wav,5
01030730.wav,5
01030731.wav,5
00977112.wav,5
00977113.wav,5
00977115.wav,5
00977116.wav,5
00919092.wav,5
00919107.wav,5
01021555.wav,5
01021557.wav,5
01021563.wav,5
01021564.wav,5
01045185.wav,5
01045187.wav,5
01045189.wav,5
01045190.wav,5
00968448.wav,5
00968449.wav,5
00968461.wav,5
00968463.wav,5
00919462.wav,5
00919463.wav,5
00979419.wav,5
00979420.wav,5
00979424.wav,5
00979425.wav,5
00957553.wav,5
00991004.wav,5
00991007.wav,5
00991008.wav,5
00978980.wav,5
00978981.wav,5
00978983.wav,5
00978984.wav,5
00914770.wav,5
00914771.wav,5
00914776.wav,5
00914777.wav,5
00914779.wav,5
00914780.wav,5
01016034.wav,5
00937339.wav,5
00937347.wav,5
00937348.wav,5
01006384.wav,5
01006385.wav,5
00977496.wav,5
00977497.wav,5
00963784.wav,5
00963785.wav,5
00963787.wav,5
00963788.wav,5
00958241.wav,2
00969715.wav,2
01039188.wav,2
01039189.wav,2
01039191.wav,2
01039192.wav,2
00930660.wav,2
00996135.wav,2
00996143.wav,2
00996145.wav,2
00996149.wav,2
00996150.wav,2
00996153.wav,2
00996156.wav,2
01029641.wav,2
01029642.wav,2
01029644.wav,2
01029645.wav,2
01029647.wav,2
01029648.wav,2
01029651.wav,2
01029652.wav,2
01029654.wav,2
00996766.wav,2
00977051.wav,2
00977052.wav,2
00977054.wav,2
00977055.wav,2
00977057.wav,2
01023735.wav,2
01023737.wav,2
01023738.wav,2
01023741.wav,2
01023742.wav,2
01023744.wav,2
01023745.wav,2
01023747.wav,2
00935093.wav,2
00996159.wav,2
00996160.wav,2
00996162.wav,2
00996163.wav,2
00996165.wav,2
00996166.wav,2
00996168.wav,2
00996181.wav,2
00933754.wav,2
00933755.wav,2
00947523.wav,2
00947524.wav,2
00947526.wav,2
00947527.wav,2
00947529.wav,2
00947530.wav,2
00947532.wav,2
00947533.wav,2
01047872.wav,2
00917670.wav,2
00917672.wav,2
00917673.wav,2
00917675.wav,2
00917676.wav,2
00917678.wav,2
00918282.wav,2
01030783.wav,2
00921950.wav,2
00921982.wav,2
00981710.wav,2
00957131.wav,2
00957132.wav,2
00957134.wav,2
00957135.wav,2
00957137.wav,2
00957138.wav,2
00957146.wav,2
00952802.wav,2
00952804.wav,2
00952805.wav,2
00952807.wav,2
00952808.wav,2
00952810.wav,2
00952811.wav,2
01051754.wav,2
01051755.wav,2
01051757.wav,2
01051758.wav,2
01051760.wav,2
01051761.wav,2
01051763.wav,2
01051764.wav,2
01051766.wav,2
01051831.wav,2
01051833.wav,2
01051834.wav,2
01051836.wav,2
01051837.wav,2
01051839.wav,2
01051840.wav,2
00996639.wav,2
00996730.wav,2
01001711.wav,2
01035789.wav,2
00964464.wav,2
00964465.wav,2
00970539.wav,2
00970540.wav,2
00970542.wav,2
00970544.wav,2
00970547.wav,2
00970745.wav,2
00938678.wav,2
00938679.wav,2
00938681.wav,2
00911121.wav,2
00914144.wav,2
00914145.wav,2
00951254.wav,2
00980855.wav,2
00980861.wav,2
00980862.wav,2
00980873.wav,2
00980874.wav,2
00957565.wav,2
00950910.wav,2
00951050.wav,2
00951085.wav,2
00951132.wav,2
01032471.wav,2
01032474.wav,2
01032475.wav,2
01032477.wav,2
01032478.wav,2
01032480.wav,2
01032481.wav,2
01032483.wav,2
01032484.wav,2
00945688.wav,2
00982226.wav,2
00980459.wav,2
00980460.wav,2
00980463.wav,2
00980464.wav,2
00968296.wav,2
00968297.wav,2
00968300.wav,2
00968301.wav,2
00963805.wav,2
00963806.wav,2
00963808.wav,2
00963809.wav,2
00987274.wav,2
00987275.wav,2
00987279.wav,2
00987284.wav,2
00989796.wav,2
00948859.wav,2
00976127.wav,2
00976128.wav,2
00976130.wav,2
00976131.wav,2
00976133.wav,2
00956097.wav,2
00976140.wav,2
00976141.wav,2
00976143.wav,2
00976149.wav,2
00976151.wav,2
00940045.wav,2
01015588.wav,2
01015589.wav,2
01015591.wav,2
01015592.wav,2
01015594.wav,2
01015595.wav,2
01015597.wav,2
01003981.wav,2
01003983.wav,2
01003984.wav,2
01003986.wav,2
01003987.wav,2
01053928.wav,2
01014881.wav,2
01014883.wav,2
01014884.wav,2
01014886.wav,2
01014887.wav,2
00912446.wav,2
00912447.wav,2
00912458.wav,2
00912459.wav,2
01017185.wav,2
01017189.wav,2
01017191.wav,2
01017192.wav,2
01017194.wav,2
01017195.wav,2
01041082.wav,2
01041087.wav,2
01041092.wav,2
00919637.wav,2
00919639.wav,2
00919640.wav,2
00919642.wav,2
00919644.wav,2
00960235.wav,2
00960236.wav,2
00960239.wav,2
00960240.wav,2
00960243.wav,2
00960244.wav,2
00992773.wav,2
00992774.wav,2
00992776.wav,2
00992777.wav,2
00992779.wav,2
00992780.wav,2
00907479.wav,2
00907482.wav,2
00907486.wav,2
00907489.wav,2
00907493.wav,2
00907496.wav,2
00907500.wav,2
00907501.wav,2
00960876.wav,2
00960877.wav,2
00919334.wav,2
00919335.wav,2
00919337.wav,2
00919338.wav,2
00919340.wav,2
00919341.wav,2
00909182.wav,2
01004874.wav,2
01004876.wav,2
01004877.wav,2
01004879.wav,2
01014858.wav,2
01014863.wav,2
01014866.wav,2
01014868.wav,2
00996771.wav,2
00996774.wav,2
00996775.wav,2
01038237.wav,2
01038239.wav,2
01038241.wav,2
01038242.wav,2
01038244.wav,2
01030383.wav,2
01030386.wav,2
01030388.wav,2
01046810.wav,2
01046811.wav,2
01046813.wav,2
01014856.wav,2
00910560.wav,2
00910561.wav,2
00910563.wav,2
01055497.wav,2
01055500.wav,2
01055501.wav,2
01055503.wav,2
01055504.wav,2
01055506.wav,2
01055507.wav,2
01036983.wav,2
01036984.wav,2
00979335.wav,2
00979336.wav,2
00979345.wav,2
00979347.wav,2
01052291.wav,2
01052292.wav,2
01052294.wav,2
00917727.wav,2
00917729.wav,2
00917730.wav,2
00917732.wav,2
00917733.wav,2
00918281.wav,2
01014872.wav,2
01014877.wav,2
01014878.wav,2
01014880.wav,2
01017725.wav,2
01017727.wav,2
01017728.wav,2
01017730.wav,2
01052839.wav,2
01052841.wav,2
01052842.wav,2
01052844.wav,2
01052845.wav,2
00991443.wav,2
00991444.wav,2
00991446.wav,2
00991447.wav,2
01039738.wav,2
01039742.wav,2
01039744.wav,2
01039745.wav,2
01045699.wav,2
01045702.wav,2
01045704.wav,2
01045705.wav,2
00987289.wav,2
00987290.wav,2
00987292.wav,2
00987293.wav,2
00919797.wav,2
00919802.wav,2
00979851.wav,2
00979854.wav,2
00979901.wav,2
00937260.wav,2
01041366.wav,2
01041373.wav,2
00919348.wav,2
00919349.wav,2
00919351.wav,2
00919353.wav,2
00919355.wav,2
00919356.wav,2
01054257.wav,2
01054258.wav,2
00946777.wav,2
01048077.wav,2
01048079.wav,2
01048080.wav,2
01034554.wav,2
01034555.wav,2
00947518.wav,2
00947519.wav,2
00947521.wav,2
00947522.wav,2
01023993.wav,2
01023995.wav,2
01023211.wav,2
01023212.wav,2
01023215.wav,2
01055891.wav,2
01055893.wav,2
01055894.wav,2
00961351.wav,2
00961352.wav,2
00972098.wav,2
01015301.wav,2
01015304.wav,2
01015305.wav,2
00919771.wav,2
00919773.wav,2
00919775.wav,2
00919776.wav,2
00919778.wav,2
00919779.wav,2
00988372.wav,2
00988373.wav,2
00943611.wav,2
00943622.wav,2
00912665.wav,2
00912670.wav,2
00999079.wav,2
00999080.wav,2
00999085.wav,2
00999086.wav,2
00911199.wav,2
00911201.wav,2
00911194.wav,2
00911195.wav,2
00911198.wav,2
00911200.wav,2
00995254.wav,2
00995255.wav,2
00995257.wav,2
00995260.wav,2
00908482.wav,2
00908484.wav,2
00908486.wav,2
00942732.wav,2
01055522.wav,2
01055523.wav,2
00964928.wav,2
00964929.wav,2
01034479.wav,2
01034480.wav,2
01034482.wav,2
01034483.wav,2
01013002.wav,2
01013003.wav,2
01013005.wav,2
01013006.wav,2
01016734.wav,2
01016735.wav,2
01016737.wav,2
01016738.wav,2
01049817.wav,2
01049818.wav,2
01049820.wav,2
01049821.wav,2
00949662.wav,4
00949663.wav,4
00949665.wav,4
00949666.wav,4
00944420.wav,4
00976459.wav,4
00976483.wav,4
00976484.wav,4
00976486.wav,4
00976487.wav,4
00976489.wav,4
00976490.wav,4
00976492.wav,4
00976493.wav,4
00976495.wav,4
00976496.wav,4
00976498.wav,4
00976499.wav,4
00991484.wav,4
00991487.wav,4
00991490.wav,4
00991491.wav,4
00959918.wav,4
00959919.wav,4
00959921.wav,4
00959922.wav,4
00959924.wav,4
00959925.wav,4
00959927.wav,4
00959928.wav,4
00959931.wav,4
00959933.wav,4
00959935.wav,4
00959936.wav,4
00959938.wav,4
00959939.wav,4
00933941.wav,4
00933942.wav,4
00933944.wav,4
00933945.wav,4
00933947.wav,4
00933948.wav,4
00979357.wav,4
00979358.wav,4
00979360.wav,4
00979361.wav,4
00979363.wav,4
00979364.wav,4
00938329.wav,4
00938330.wav,4
00938332.wav,4
00938333.wav,4
00976181.wav,4
00976182.wav,4
00976184.wav,4
00976185.wav,4
00976187.wav,4
00976188.wav,4
00949308.wav,4
00936326.wav,4
00936329.wav,4
00936330.wav,4
00936332.wav,4
00936333.wav,4
00988123.wav,4
00988124.wav,4
01025359.wav,4
00964084.wav,4
00964086.wav,4
00964087.wav,4
00964089.wav,4
00964090.wav,4
00964092.wav,4
00964093.wav,4
00993111.wav,4
00993112.wav,4
00918551.wav,4
00978792.wav,4
00978796.wav,4
00978797.wav,4
00978799.wav,4
00978800.wav,4
00978802.wav,4
00978803.wav,4
00978805.wav,4
00973362.wav,4
00973364.wav,4
00973365.wav,4
00954358.wav,4
00954359.wav,4
00954361.wav,4
00954362.wav,4
00954364.wav,4
00954365.wav,4
01000807.wav,4
01000808.wav,4
01000810.wav,4
01000811.wav,4
00934191.wav,4
00934193.wav,4
01040304.wav,4
01040305.wav,4
01040309.wav,4
01040311.wav,4
01040313.wav,4
01040314.wav,4
01040316.wav,4
01040317.wav,4
00964163.wav,4
00935842.wav,4
00999837.wav,4
00999838.wav,4
00999843.wav,4
00999845.wav,4
00999851.wav,4
00999853.wav,4
01032576.wav,4
01032577.wav,4
01032580.wav,4
01032582.wav,4
01032588.wav,4
01032604.wav,4
00983052.wav,4
00983053.wav,4
00955728.wav,4
00955729.wav,4
00955732.wav,4
01017976.wav,4
01017978.wav,4
01017979.wav,4
01023100.wav,4
01023101.wav,4
01023103.wav,4
01023104.wav,4
01034552.wav,4
01039423.wav,4
01039709.wav,4
01032443.wav,4
01032446.wav,4
01032447.wav,4
01032449.wav,4
01032450.wav,4
01033581.wav,4
00970353.wav,4
00920995.wav,4
00920996.wav,4
00920998.wav,4
00920999.wav,4
01050335.wav,4
01050344.wav,4
01050346.wav,4
01050347.wav,4
01050349.wav,4
01050350.wav,4
01021260.wav,4
01021261.wav,4
01022610.wav,4
01022628.wav,4
00911808.wav,4
00911809.wav,4
00911811.wav,4
01038209.wav,4
01038211.wav,4
01038212.wav,4
01022681.wav,4
01053041.wav,4
01053044.wav,4
01053045.wav,4
01053047.wav,4
01053048.wav,4
01053050.wav,4
01015197.wav,4
01015199.wav,4
01015200.wav,4
01015202.wav,4
01021578.wav,4
01021580.wav,4
01021581.wav,4
01021583.wav,4
01021584.wav,4
01021586.wav,4
01021587.wav,4
00999571.wav,4
00999572.wav,4
01023524.wav,4
01023525.wav,4
01023527.wav,4
01023528.wav,4
01023530.wav,4
01023531.wav,4
00943534.wav,4
00943546.wav,4
00943550.wav,4
01049367.wav,4
01049369.wav,4
01049370.wav,4
00963323.wav,4
00963325.wav,4
01035093.wav,4
01035095.wav,4
01026210.wav,4
01026211.wav,4
01032201.wav,4
01032202.wav,4
01032205.wav,4
01032206.wav,4
00980652.wav,4
00980654.wav,4
00980656.wav,4
00980657.wav,4
00980659.wav,4
00980660.wav,4
00996763.wav,4
01015813.wav,4
01015815.wav,4
01015816.wav,4
01015818.wav,4
01015819.wav,4
01015821.wav,4
01015822.wav,4
00943724.wav,4
01017391.wav,4
01017393.wav,4
01017394.wav,4
01017396.wav,4
01017397.wav,4
01017399.wav,4
01017400.wav,4
00965630.wav,4
01030288.wav,4
01030290.wav,4
01030291.wav,4
01030293.wav,4
01008261.wav,4
01008264.wav,4
01008265.wav,4
00980629.wav,4
00980630.wav,4
00980632.wav,4
00980633.wav,4
00973926.wav,4
00973927.wav,4
00979499.wav,4
00979504.wav,4
01037419.wav,4
01037420.wav,4
01037422.wav,4
01037423.wav,4
01037425.wav,4
01037426.wav,4
00977589.wav,4
00977590.wav,4
00977592.wav,4
00908771.wav,4
00948132.wav,4
00948133.wav,4
01035225.wav,4
01036047.wav,4
01036049.wav,4
01014414.wav,4
01014416.wav,4
01014417.wav,4
01021673.wav,4
01021674.wav,4
01021676.wav,4
01021677.wav,4
01021679.wav,4
01021680.wav,4
01021682.wav,4
00993120.wav,4
00993122.wav,4
00993123.wav,4
00993125.wav,4
00993126.wav,4
00993128.wav,4
00993129.wav,4
01004831.wav,4
01004833.wav,4
00955751.wav,4
00955752.wav,4
00955754.wav,4
00955755.wav,4
00998371.wav,4
00998372.wav,4
00998374.wav,4
00998375.wav,4
00998377.wav,4
00998378.wav,4
00940510.wav,4
01015704.wav,4
01015707.wav,4
01015709.wav,4
01015711.wav,4
01015712.wav,4
00948014.wav,4
00948140.wav,4
01048211.wav,4
01048212.wav,4
01048214.wav,4
01048215.wav,4
01048223.wav,4
01014714.wav,4
01014716.wav,4
01014718.wav,4
01014722.wav,4
01014723.wav,4
01004682.wav,4
01004693.wav,4
00971907.wav,4
00975871.wav,4
00971620.wav,4
00971621.wav,4
00971623.wav,4
01030790.wav,4
01030792.wav,4
01030793.wav,4
01030795.wav,4
01012951.wav,4
01012959.wav,4
01012960.wav,4
01012962.wav,4
01012963.wav,4
00998909.wav,4
00998910.wav,4
00998912.wav,4
00998913.wav,4
00935087.wav,4
00994928.wav,4
00994931.wav,4
00994932.wav,4
00994934.wav,4
00963071.wav,4
00963075.wav,4
00974759.wav,4
01012700.wav,4
01012701.wav,4
01012703.wav,4
00959073.wav,4
01004713.wav,4
01005229.wav,4
01005517.wav,4
01006059.wav,4
01007786.wav,4
01008034.wav,4
00952439.wav,4
00952440.wav,4
00952442.wav,4
00952443.wav,4
01032041.wav,4
01032042.wav,4
01032044.wav,4
01032045.wav,4
01047548.wav,4
01047549.wav,4
01047551.wav,4
01047552.wav,4
00975971.wav,4
00975972.wav,4
00962475.wav,4
00946894.wav,4
00934194.wav,4
00989157.wav,4
01021351.wav,4
01021352.wav,4
01021354.wav,4
01021355.wav,4
01047222.wav,4
01047223.wav,4
01047225.wav,4
01047226.wav,4
01043610.wav,4
01043611.wav,4
01043613.wav,4
01043713.wav,4
01024167.wav,4
01024168.wav,4
01024170.wav,4
01024171.wav,4
00994447.wav,4
00994448.wav,4
00994450.wav,4
01020056.wav,4
01020058.wav,4
01020059.wav,4
00954549.wav,4
00991772.wav,4
00991774.wav,4
00991775.wav,4
01028739.wav,4
01028740.wav,4
01028742.wav,4
01028743.wav,4
01023010.wav,4
01023011.wav,4
01023013.wav,4
00930299.wav,4
01031222.wav,4
01031223.wav,4
01031225.wav,4
01031226.wav,4
